<?xml version="1.0" encoding="UTF-8"?>
<JESEN>
	<PJESMA>
		<NAZIV-PJESME>Song of the Witches</NAZIV-PJESME>
		<SLIKA>fall001.jpg</SLIKA>
		<IZVODAC>S. J. Tucker</IZVODAC>
		<ZANR>Folk</ZANR>
		<ALBUM>Witchy Ways: an October Mix-tape</ALBUM>
		<YOUTUBE>https://www.youtube.com/watch?v=ORDNWwHzdaE</YOUTUBE>
	</PJESMA>
	<PJESMA>
		<NAZIV-PJESME>Curses</NAZIV-PJESME>
		<SLIKA>fall002.jpg</SLIKA>
		<IZVODAC>The Crane Wives</IZVODAC>
		<ZANR>Folk</ZANR>
		<ALBUM>Foxlore</ALBUM>
		<YOUTUBE>https://www.youtube.com/watch?v=gEhuGPXxRrA</YOUTUBE>
	</PJESMA>
	<PJESMA>
		<NAZIV-PJESME>My Head Will Be Back Around Noon</NAZIV-PJESME>
		<SLIKA>fall003.jpg</SLIKA>
		<IZVODAC>Amber Burgoyne</IZVODAC>
		<ZANR>R&#38;B/Soul</ZANR>
		<ALBUM>Single</ALBUM>
		<YOUTUBE>https://www.youtube.com/watch?v=lAzTAJSApk4</YOUTUBE>
	</PJESMA>
	<PJESMA>
		<NAZIV-PJESME>Avenue</NAZIV-PJESME>
		<SLIKA>fall004.jpg</SLIKA>
		<IZVODAC>Agnes Obel</IZVODAC>
		<ZANR>Folk; classical; indie pop</ZANR>
		<ALBUM>Philharmonics</ALBUM>
		<YOUTUBE>https://www.youtube.com/watch?v=3t_EN-HZVLw</YOUTUBE>
	</PJESMA>
	<PJESMA>
		<NAZIV-PJESME>Philharmonics</NAZIV-PJESME>
		<SLIKA>fall005.jpg</SLIKA>
		<IZVODAC>Agnes Obel</IZVODAC>
		<ZANR>Folk; classical; indie pop</ZANR>
		<ALBUM>Philharmonics</ALBUM>
		<YOUTUBE>https://www.youtube.com/watch?v=lS_lhJTA00Y</YOUTUBE>
	</PJESMA>
	<PJESMA>
		<NAZIV-PJESME>Devil's Sweeetheart</NAZIV-PJESME>
		<SLIKA>fall006.jpg</SLIKA>
		<IZVODAC>Alice Phoebe Lou, Olmo</IZVODAC>
		<ZANR>Alternative/Indie</ZANR>
		<ALBUM>Single</ALBUM>
		<YOUTUBE>https://www.youtube.com/watch?v=9iSCjQMXvyE</YOUTUBE>
	</PJESMA>
	<PJESMA>
		<NAZIV-PJESME>Fall Breeze</NAZIV-PJESME>
		<SLIKA>fall007.jpg</SLIKA>
		<IZVODAC>Derek Fiechter, Brandon Fiechter</IZVODAC>
		<ZANR>New Age; seasonal</ZANR>
		<ALBUM>Pumpkin Town</ALBUM>
		<YOUTUBE>https://www.youtube.com/watch?v=Hx0dJjjueiw</YOUTUBE>
	</PJESMA>
</JESEN>
