<?xml version="1.0" encoding="UTF-8"?>
<LJETO>
	<PJESMA>
		<NAZIV-PJESME>Freedom</NAZIV-PJESME>
		<SLIKA>summer001.jpg</SLIKA>
		<IZVODAC>Andreya Triana</IZVODAC>
		<ZANR>Soul; jazz</ZANR>
		<ALBUM>Life in Colour</ALBUM>
		<YOUTUBE>https://www.youtube.com/watch?v=7xVr3zJGQj8</YOUTUBE>
	</PJESMA>
	<PJESMA>
		<NAZIV-PJESME>Come</NAZIV-PJESME>
		<SLIKA>summer002.jpg</SLIKA>
		<IZVODAC>Jain</IZVODAC>
		<ZANR>Pop</ZANR>
		<ALBUM>Zanaka</ALBUM>
		<YOUTUBE>https://www.youtube.com/watch?v=gTNVRxMaKQ8</YOUTUBE>
	</PJESMA>
	<PJESMA>
		<NAZIV-PJESME>Apricot</NAZIV-PJESME>
		<SLIKA>summer003.jpg</SLIKA>
		<IZVODAC>Ross Mayfield, Relyae</IZVODAC>
		<ZANR>Lo-fi hip hop; pop</ZANR>
		<ALBUM>Single</ALBUM>
		<YOUTUBE>https://www.youtube.com/watch?v=kZ8_hKp5s7M</YOUTUBE>
	</PJESMA>
	<PJESMA>
		<NAZIV-PJESME>Middle</NAZIV-PJESME>
		<SLIKA>summer004.jpg</SLIKA>
		<IZVODAC>Jamie Woon</IZVODAC>
		<ZANR>Alternative/Indie; R&#38;B/Soul; Pop</ZANR>
		<ALBUM>Mirrorwriting</ALBUM>
		<YOUTUBE>https://www.youtube.com/watch?v=vynr3LgK2rE</YOUTUBE>
	</PJESMA>
	<PJESMA>
		<NAZIV-PJESME>Paper Castles</NAZIV-PJESME>
		<SLIKA>summer005.jpg</SLIKA>
		<IZVODAC>Alice Phoebe Lou</IZVODAC>
		<ZANR>Alternative/Indie; R&#38;B/Soul; Pop; Blues</ZANR>
		<ALBUM>Paper Castles</ALBUM>
		<YOUTUBE>https://www.youtube.com/watch?v=bRErqGM_aqY</YOUTUBE>
	</PJESMA>
	<PJESMA>
		<NAZIV-PJESME>If  You Wanna</NAZIV-PJESME>
		<SLIKA>summer006.jpg</SLIKA>
		<IZVODAC>J.Lamotta</IZVODAC>
		<ZANR>Soul; jazz</ZANR>
		<ALBUM>Suzume</ALBUM>
		<YOUTUBE>https://www.youtube.com/watch?v=OaaRVSteMMc</YOUTUBE>
	</PJESMA>
	<PJESMA>
		<NAZIV-PJESME>Život Kao Rijeka</NAZIV-PJESME>
		<SLIKA>summer007.jpg</SLIKA>
		<IZVODAC>Anna Moor</IZVODAC>
		<ZANR>Neosoul</ZANR>
		<ALBUM>Single</ALBUM>
		<YOUTUBE>https://www.youtube.com/watch?v=is7Lm-GY7rs</YOUTUBE>
	</PJESMA>
	<PJESMA>
		<NAZIV-PJESME>Night Air</NAZIV-PJESME>
		<SLIKA>summer008.jpg</SLIKA>
		<IZVODAC>Jamie Woon</IZVODAC>
		<ZANR>Contemporary R&#38;B; pop music, electronica, downtempo</ZANR>
		<ALBUM>Mirrorwriting</ALBUM>
		<YOUTUBE>https://www.youtube.com/watch?v=EL0pTo9Z_XU</YOUTUBE>
	</PJESMA>
	<PJESMA>
		<NAZIV-PJESME>The Loch Ness Monster</NAZIV-PJESME>
		<SLIKA>summer009.jpg</SLIKA>
		<IZVODAC>Matilda Mann</IZVODAC>
		<ZANR>Alternative/Indie; folk</ZANR>
		<ALBUM>If That Makes Sense</ALBUM>
		<YOUTUBE>https://www.youtube.com/watch?v=8pRTIXu85gM</YOUTUBE>
	</PJESMA>
	<PJESMA>
		<NAZIV-PJESME>River Song</NAZIV-PJESME>
		<SLIKA>summer010.jpg</SLIKA>
		<IZVODAC>Birdy</IZVODAC>
		<ZANR>Indie folk; folk-pop</ZANR>
		<ALBUM>Young Heart</ALBUM>
		<YOUTUBE>https://www.youtube.com/watch?v=ZgafzUSfhtw</YOUTUBE>
	</PJESMA>
	<PJESMA>
		<NAZIV-PJESME>Celestian Dancers</NAZIV-PJESME>
		<SLIKA>summer011.jpg</SLIKA>
		<IZVODAC>Birdy</IZVODAC>
		<ZANR>Indie folk; folk-pop</ZANR>
		<ALBUM>Young Heart</ALBUM>
		<YOUTUBE>https://www.youtube.com/watch?v=W2jZMtG2UAw</YOUTUBE>
	</PJESMA>
	<PJESMA>
		<NAZIV-PJESME>Dreams Adrift</NAZIV-PJESME>
		<SLIKA>summer012.jpg</SLIKA>
		<IZVODAC>Julius Richard</IZVODAC>
		<ZANR>Alternative/Indie</ZANR>
		<ALBUM>Single</ALBUM>
		<YOUTUBE>https://www.youtube.com/watch?v=HKVsa3oSP3M</YOUTUBE>
	</PJESMA>
	<PJESMA>
		<NAZIV-PJESME>Golden</NAZIV-PJESME>
		<SLIKA>summer013.jpg</SLIKA>
		<IZVODAC>Sunday Moon</IZVODAC>
		<ZANR>K-Pop</ZANR>
		<ALBUM>Single</ALBUM>
		<YOUTUBE>https://www.youtube.com/watch?v=EXld-twf1CY</YOUTUBE>
	</PJESMA>
	<PJESMA>
		<NAZIV-PJESME>Luz</NAZIV-PJESME>
		<SLIKA>summer014.jpg</SLIKA>
		<IZVODAC>Afonso</IZVODAC>
		<ZANR>R&#38;B/Jazz</ZANR>
		<ALBUM>Single</ALBUM>
		<YOUTUBE>https://www.youtube.com/watch?v=OA22FB2OCdA</YOUTUBE>
	</PJESMA>
	<PJESMA>
		<NAZIV-PJESME>Golden Hour</NAZIV-PJESME>
		<SLIKA>summer015.jpg</SLIKA>
		<IZVODAC>Afonso</IZVODAC>
		<ZANR>R&#38;B/Jazz</ZANR>
		<ALBUM>Single</ALBUM>
		<YOUTUBE>https://www.youtube.com/watch?v=zVs4B8jo4tc</YOUTUBE>
	</PJESMA>
	<PJESMA>
		<NAZIV-PJESME>Don't Judge Me</NAZIV-PJESME>
		<SLIKA>summer016.jpg</SLIKA>
		<IZVODAC>Janelle Monáe</IZVODAC>
		<ZANR>R&#38;B/Soul</ZANR>
		<ALBUM>Dirty Computer</ALBUM>
		<YOUTUBE>https://www.youtube.com/watch?v=BYlW67CMRKM</YOUTUBE>
	</PJESMA>
	<PJESMA>
		<NAZIV-PJESME>Ibiza Vibes</NAZIV-PJESME>
		<SLIKA>summer017.jpg</SLIKA>
		<IZVODAC>Teau, himood</IZVODAC>
		<ZANR>Lo-fi hip hop</ZANR>
		<ALBUM>Aquarelle</ALBUM>
		<YOUTUBE>https://www.youtube.com/watch?v=NW8CAPv27dI</YOUTUBE>
	</PJESMA>
	<PJESMA>
		<NAZIV-PJESME>Riviera</NAZIV-PJESME>
		<SLIKA>summer018.jpg</SLIKA>
		<IZVODAC>Smith The Mister</IZVODAC>
		<ZANR>Lo-fi hip hop</ZANR>
		<ALBUM>Wednesday</ALBUM>
		<YOUTUBE>https://www.youtube.com/watch?v=2TyXnQDLgDs</YOUTUBE>
	</PJESMA>
</LJETO>
