<?xml version="1.0" encoding="UTF-8"?>
<PROLJECE>
	<PJESMA>
		<NAZIV-PJESME>Waterfront</NAZIV-PJESME>
		<SLIKA>spring001.jpg</SLIKA>
		<IZVODAC>Jamie Woon</IZVODAC>
		<ZANR>Alternative/Indie; R&#38;B/Soul; Pop</ZANR>
		<ALBUM>Mirrorwriting</ALBUM>
		<YOUTUBE>https://www.youtube.com/watch?v=J0EIOpiPUeM</YOUTUBE>
	</PJESMA>
	<PJESMA>
		<NAZIV-PJESME>Cherry Blossom</NAZIV-PJESME>
		<SLIKA>spring002.jpg</SLIKA>
		<IZVODAC>Teo</IZVODAC>
		<ZANR>Lo-fi hip hop</ZANR>
		<ALBUM>Single</ALBUM>
		<YOUTUBE>https://www.youtube.com/watch?v=r947uy6_EwA</YOUTUBE>
	</PJESMA>
  <PJESMA>
    <NAZIV-PJESME>Innocent</NAZIV-PJESME>
    <SLIKA>spring003.jpg</SLIKA>
    <IZVODAC>Oatmello, Epektase, Dayn</IZVODAC>
    <ZANR>Lo-fi hip hop</ZANR>
    <ALBUM>Dove</ALBUM>
    <YOUTUBE>https://www.youtube.com/watch?v=LecA446jJvk</YOUTUBE>
  </PJESMA>
  <PJESMA>
    <NAZIV-PJESME>Walking in the Garden</NAZIV-PJESME>
    <SLIKA>spring004.jpg</SLIKA>
    <IZVODAC>Alice Phoebe Lou</IZVODAC>
    <ZANR>Alternative/Indie</ZANR>
    <ALBUM>Orbit</ALBUM>
    <YOUTUBE>https://www.youtube.com/watch?v=4P8--rgkSP0</YOUTUBE>
  </PJESMA>
  <PJESMA>
    <NAZIV-PJESME>Dream</NAZIV-PJESME>
    <SLIKA>spring005.jpg</SLIKA>
    <IZVODAC>Birdy</IZVODAC>
    <ZANR>Indie folk; ‎indie pop‎; ‎pop rock</ZANR>
    <ALBUM>Fire Within</ALBUM>
    <YOUTUBE>https://www.youtube.com/watch?v=SDpaFQOIh00</YOUTUBE>
  </PJESMA>
  <PJESMA>
    <NAZIV-PJESME>Svjetovi</NAZIV-PJESME>
    <SLIKA>spring006.jpg</SLIKA>
    <IZVODAC>Anna Moor</IZVODAC>
    <ZANR>Pop; electropop; melancholy; pop</ZANR>
    <ALBUM>Single</ALBUM>
    <YOUTUBE>https://www.youtube.com/watch?v=fw3t4_4SND0</YOUTUBE>
  </PJESMA>
	<PJESMA>
	<NAZIV-PJESME>Over the Bridge</NAZIV-PJESME>
	<SLIKA>spring007.jpg</SLIKA>
	<IZVODAC>Plant Guy</IZVODAC>
	<ZANR>Lo-fi hip hop</ZANR>
	<ALBUM>In harmony with nature</ALBUM>
	<YOUTUBE>https://www.youtube.com/watch?v=91uZcavkWtM</YOUTUBE>
	</PJESMA>
	<PJESMA>
		<NAZIV-PJESME>The Curse</NAZIV-PJESME>
		<SLIKA>spring008.jpg</SLIKA>
		<IZVODAC>Agnes Obel</IZVODAC>
		<ZANR>Folk; classical; indie pop</ZANR>
		<ALBUM>Aventine</ALBUM>
		<YOUTUBE>https://www.youtube.com/watch?v=-stwxbGGam8</YOUTUBE>
	</PJESMA>
	<PJESMA>
		<NAZIV-PJESME>Stone</NAZIV-PJESME>
		<SLIKA>spring009.jpg</SLIKA>
		<IZVODAC>Agnes Obel</IZVODAC>
		<ZANR>Folk; classical; indie pop</ZANR>
		<ALBUM>Citizen of Glass</ALBUM>
		<YOUTUBE>https://www.youtube.com/watch?v=pyFmxA3ZyLE</YOUTUBE>
	</PJESMA>
	<PJESMA>
		<NAZIV-PJESME>Stolen Dance</NAZIV-PJESME>
		<SLIKA>spring010.jpg</SLIKA>
		<IZVODAC>Milky Chance</IZVODAC>
		<ZANR>Indie pop; psychedelic folk; folktronica; pop</ZANR>
		<ALBUM>Sadnecesarry</ALBUM>
		<YOUTUBE>https://www.youtube.com/watch?v=YMdeOS-taQQ</YOUTUBE>
	</PJESMA>
	<PJESMA>
		<NAZIV-PJESME>City Lights</NAZIV-PJESME>
		<SLIKA>spring011.jpg</SLIKA>
		<IZVODAC>Sunday Moon</IZVODAC>
		<ZANR>K-Pop</ZANR>
		<ALBUM>Single</ALBUM>
		<YOUTUBE>https://www.youtube.com/watch?v=69NK3h2dkGE</YOUTUBE>
	</PJESMA>
</PROLJECE>
