<?xml version="1.0" encoding="UTF-8"?>
<ZIMA>
	<PJESMA>
		<NAZIV-PJESME>Winterland</NAZIV-PJESME>
		<SLIKA>winter001.jpg</SLIKA>
		<IZVODAC>Su Lee</IZVODAC>
		<ZANR>Pop</ZANR>
		<ALBUM>Single</ALBUM>
		<YOUTUBE>https://www.youtube.com/watch?v=u0ADnGJYm34</YOUTUBE>
	</PJESMA>
	<PJESMA>
		<NAZIV-PJESME>By Your Side</NAZIV-PJESME>
		<SLIKA>winter002.jpg</SLIKA>
		<IZVODAC>Krynoze, Sweet Medicine</IZVODAC>
		<ZANR>Lo-fi hip hop</ZANR>
		<ALBUM>Tommorow Comes</ALBUM>
		<YOUTUBE>https://www.youtube.com/watch?v=2DYJ_fouLtk</YOUTUBE>
	</PJESMA>
	<PJESMA>
		<NAZIV-PJESME>ilomilo</NAZIV-PJESME>
		<SLIKA>winter003.jpg</SLIKA>
		<IZVODAC>Billie Eilish</IZVODAC>
		<ZANR>Pop music; electropop; synth-pop; avant-pop</ZANR>
		<ALBUM>When We All Fall Asleep, Where Do We Go?</ALBUM>
		<YOUTUBE>https://www.youtube.com/watch?v=-e7wiyNO2us</YOUTUBE>
	</PJESMA>
	<PJESMA>
		<NAZIV-PJESME>Crystal Land</NAZIV-PJESME>
		<SLIKA>winter004.jpg</SLIKA>
		<IZVODAC>TABAL</IZVODAC>
		<ZANR>Lo-fi Hip Hop</ZANR>
		<ALBUM>Inside Space</ALBUM>
		<YOUTUBE>https://www.youtube.com/watch?v=Jw5scotsMy8</YOUTUBE>
	</PJESMA>
	<PJESMA>
		<NAZIV-PJESME>Light A Fire</NAZIV-PJESME>
		<SLIKA>winter005.jpg</SLIKA>
		<IZVODAC>Rachel Taylor</IZVODAC>
		<ZANR>Pop</ZANR>
		<ALBUM>Come Alive</ALBUM>
		<YOUTUBE>https://www.youtube.com/watch?v=_lR9aHm75vI</YOUTUBE>
	</PJESMA>
	<PJESMA>
		<NAZIV-PJESME>Haunted Grandma's Cottage</NAZIV-PJESME>
		<SLIKA>winter006.jpg</SLIKA>
		<IZVODAC>Derek Fiechter, Brandon Fiechter</IZVODAC>
		<ZANR>New Age; seasonal</ZANR>
		<ALBUM>Dark Lullabies III</ALBUM>
		<YOUTUBE>https://www.youtube.com/watch?v=C7b8xhtwW-0</YOUTUBE>
	</PJESMA>
	<PJESMA>
		<NAZIV-PJESME>When The Darkness Comes</NAZIV-PJESME>
		<SLIKA>winter007.jpg</SLIKA>
		<IZVODAC>Colbie Caillat</IZVODAC>
		<ZANR>Pop</ZANR>
		<ALBUM>The Mortal Instruments: City of Bones (Original Motion Picture Soundtrack)</ALBUM>
		<YOUTUBE>https://www.youtube.com/watch?v=iNleC7ylvkQ</YOUTUBE>
	</PJESMA>
</ZIMA>
